{"cameraMode":{"drawMode":0,"name":"Shaded","section":"Shading Mode"},"sceneLighting":true,"audioPlay":false,"sceneViewState":{"m_AlwaysRefresh":false,"showFog":true,"showSkybox":true,"showFlares":true,"showImageEffects":true,"showParticleSystems":true,"showVisualEffectGraphs":true,"m_FxEnabled":true},"in2DMode":false,"pivot":{"x":-1.1645817756652833,"y":-0.32232049107551577,"z":-4.827493667602539},"rotation":{"x":0.004626262001693249,"y":0.2981676757335663,"z":-0.0013176208594813943,"w":0.9545679688453674},"size":0.6055572032928467,"orthographic":false}